,A,B,C,D
2015-01-01,0.0379143567297,-0.729582089165,-0.362200726892,-1.28974780636
2015-01-02,-0.263388128512,0.511360978466,-1.02259045206,-3.59386603541
2015-01-03,1.28599638627,0.826595164664,-1.79289986178,-3.27039425616
2015-01-04,1.51133442065,0.0743607603693,-3.22904150688,-2.49587369567
2015-01-05,1.69975343583,0.907353492914,-4.6269919249,-3.68324192011
2015-01-06,2.00879346589,0.417129719192,-4.34913066897,-3.03764802904
2015-01-07,2.92118269368,0.0475373548853,-3.63712347055,-2.89122818624
2015-01-08,1.40286823203,0.310421273293,-3.38348033112,-2.66059787571
2015-01-09,1.23184076317,1.12736171286,-4.52730348735,-4.52888524577
2015-01-10,0.304170636717,2.09736391369,-5.66705378201,-5.91313000944
2015-01-11,-0.530003781364,2.48361610243,-5.76405198138,-6.14003803841
2015-01-12,-0.765853789178,3.54519225876,-5.48658253694,-5.36936775025
2015-01-13,-1.41141391108,4.76940903075,-6.46769440863,-6.54297674971
2015-01-14,-0.892817446528,5.41125561829,-7.85648809477,-6.10907420309
2015-01-15,-0.889689291602,4.50744626772,-5.70266325208,-5.49536736006
2015-01-16,-2.98392339465,4.31967181882,-5.88146308875,-6.96640585822
2015-01-17,-1.27185820821,5.33559305561,-5.43480960659,-7.11069019062
2015-01-18,-2.8058017928,5.35784000682,-5.27688788975,-9.31102013183
2015-01-19,-2.88906865086,5.06217695181,-4.3545791661,-10.7415486789
2015-01-20,-3.28261887038,5.22657879311,-5.32867349239,-9.09456262212
2015-01-21,-3.04347957064,6.59884784161,-6.09149032891,-8.72768769274
2015-01-22,-3.17251330953,5.69271710328,-7.23610239868,-9.34873162632
2015-01-23,-3.13656007329,4.5777973991,-8.57706785575,-10.3295033329
2015-01-24,-5.12445831007,4.68467591567,-7.35529031019,-9.7010536006
2015-01-25,-3.88070173956,5.64777766815,-7.96858909539,-9.13813890455
2015-01-26,-3.3772387355,4.65077403764,-6.6284581339,-9.13096268287
2015-01-27,-4.21470662609,3.53548622641,-8.36112313502,-11.2428544745
2015-01-28,-4.63359321372,1.41615207395,-8.69901767438,-10.1079394949
2015-01-29,-5.11971409544,-0.424225078583,-8.97686416824,-12.8606902132
2015-01-30,-4.90753391021,-0.333135850919,-8.97441537074,-14.4724412837
2015-01-31,-6.32940285408,0.274020304543,-8.23214420149,-15.761648415
2015-02-01,-7.42977764364,-0.862241126817,-8.76394983139,-13.6766170855
2015-02-02,-8.57667278577,-0.592456798193,-7.34163249471,-14.2839497601
2015-02-03,-7.73719675449,-1.21141487559,-6.96234093115,-16.1072498114
2015-02-04,-9.20098254967,0.0154353024504,-7.46549106093,-16.1462458472
2015-02-05,-10.1140169423,0.387214572497,-8.70733570174,-15.3127966224
2015-02-06,-10.7691879353,0.230525321555,-9.02917016051,-14.8727796835
2015-02-07,-12.0818518195,-0.946919618189,-9.4518196274,-12.5955876757
2015-02-08,-11.0022683483,0.97823514286,-8.69350951546,-13.7077892591
2015-02-09,-10.1080741472,1.59836140215,-8.0261652153,-12.7478448111
2015-02-10,-9.57583577543,2.29161014398,-6.07849652765,-13.2446880972
2015-02-11,-9.02186277427,3.74170631905,-6.20906254558,-13.3883700233
2015-02-12,-7.78599068178,0.527020952807,-6.88784599768,-12.2146806429
2015-02-13,-8.39813538705,2.43788616705,-9.18746752782,-12.6392987432
2015-02-14,-8.97226544251,2.18881440557,-8.30287596751,-10.7022724013
2015-02-15,-8.06409632902,1.04170375193,-8.51817480638,-12.46720134
2015-02-16,-8.10077686843,2.90199511009,-9.34672245705,-13.1910880704
2015-02-17,-7.89081693245,3.76166019909,-10.3429580594,-12.2835395274
2015-02-18,-7.12433831033,3.52385187097,-10.3236857468,-11.4374068641
2015-02-19,-6.57000976227,4.38085397328,-9.95389081841,-11.5432411177
2015-02-20,-7.42569323356,3.18777340445,-10.2673521562,-10.9249763131
2015-02-21,-8.4776772237,3.44825134437,-7.7117287732,-11.9541616514
2015-02-22,-9.35883166378,1.94195778208,-8.41065571591,-12.0395402804
2015-02-23,-10.4486746511,0.404167954486,-8.80784249936,-12.7278966214
2015-02-24,-11.7276176062,-0.347995569002,-10.7174944915,-12.0945393589
2015-02-25,-10.6319004705,-0.6490613194,-9.65100829809,-11.4095065149
2015-02-26,-9.98470188002,0.828260787789,-11.984081762,-11.0341531187
2015-02-27,-9.35865281362,1.31596833153,-11.6405281325,-10.321598628
2015-02-28,-8.83738867652,1.1045671281,-12.3257658693,-10.7476253233
2015-03-01,-8.40648207641,2.26396012072,-11.8390208162,-10.50300257
2015-03-02,-8.23936128364,0.403547696258,-10.9576787005,-10.1399215495
2015-03-03,-9.39021986228,0.931693423442,-12.2992691963,-10.0353889766
2015-03-04,-9.55758480903,-0.22017782263,-13.4124925262,-11.1593139126
2015-03-05,-10.920129196,-0.795613324464,-13.8774830872,-11.4174511336
2015-03-06,-11.3522009849,-2.7915883752,-13.6981547549,-11.9332538446
2015-03-07,-12.3347397435,-4.5030734034,-12.8329467489,-11.1414223571
2015-03-08,-13.3786974409,-3.16568835474,-11.4782520614,-9.69129851203
2015-03-09,-13.7548909618,-1.69925665259,-12.3859810301,-10.5654059248
2015-03-10,-13.2786237115,-2.7670362237,-12.6641330765,-11.0397580767
2015-03-11,-11.7508653476,-2.00409257348,-14.0638153242,-9.54781032724
2015-03-12,-11.4067287505,-2.14435959542,-12.9831432171,-8.54806142855
2015-03-13,-10.6010217521,-2.59998917957,-11.8721716382,-9.38874631179
2015-03-14,-11.227738847,-2.87242137939,-12.0356852988,-9.74263541086
2015-03-15,-11.0521826959,-2.6965702325,-11.9439335503,-10.2985398179
2015-03-16,-12.1049991147,-3.96988454281,-9.09556477864,-7.62744445214
2015-03-17,-11.8819171249,-4.95397889845,-8.72930443561,-7.73537116482
2015-03-18,-13.6231859525,-6.15613385766,-8.33564489659,-7.40419002184
2015-03-19,-15.0914442484,-6.30748925295,-8.59971968734,-8.69548541102
2015-03-20,-14.5981266004,-6.49403806347,-10.2576411202,-7.48153950799
2015-03-21,-14.420646801,-6.66103422161,-9.63025827651,-7.6545079005
2015-03-22,-13.9604852928,-7.77963482551,-10.4190387295,-7.81749664937
2015-03-23,-13.1625399119,-8.23818570231,-10.6874251981,-7.4382553444
2015-03-24,-11.8812261954,-8.53912351845,-9.96439158049,-5.68302314221
2015-03-25,-12.3309097068,-7.32551472762,-10.6638389351,-6.1208976225
2015-03-26,-10.6229750132,-5.44725262462,-11.8893839953,-5.12043897957
2015-03-27,-12.5782470437,-5.03441038672,-12.4646647779,-4.91405321505
2015-03-28,-13.1288577646,-4.89891214847,-14.1278172591,-4.58980623613
2015-03-29,-13.7958065877,-3.1667215049,-13.9288680832,-4.30783916016
2015-03-30,-14.232012619,-2.06595284909,-16.8603404099,-3.74532546351
2015-03-31,-13.6103073514,-4.42684804614,-15.3282163558,-2.35162749291
2015-04-01,-13.5742743133,-6.39579080468,-17.0283158734,-2.81970719307
2015-04-02,-12.8287783455,-6.76353685057,-16.7054290435,-2.4460919026
2015-04-03,-12.5775027019,-6.19327045161,-16.6718977288,-2.66385016949
2015-04-04,-12.9008705165,-7.65028802432,-18.2615125658,-1.82520246676
2015-04-05,-13.0353468291,-8.06120788422,-18.9613149275,-2.43405132634
2015-04-06,-12.2531771222,-7.49057731584,-18.7536673242,-0.807370641166
2015-04-07,-16.0050359288,-7.05890338581,-19.4208243288,0.428684546528
2015-04-08,-16.0548814619,-7.43771642424,-18.775686912,1.32780820109
2015-04-09,-14.9595796991,-5.75515819465,-20.0046846366,1.41790843025
2015-04-10,-16.5845910126,-9.64226125521,-18.9023183788,0.923738000565
2015-04-11,-17.3106822395,-11.0540168073,-18.6025001459,1.4004800627
2015-04-12,-16.5076474482,-8.32491994533,-15.9910912978,1.05208571845
2015-04-13,-17.111864712,-7.16058100823,-15.6818812156,2.69919563915
2015-04-14,-16.9851231027,-7.02002765039,-15.2763117781,2.48958499587
2015-04-15,-16.4411530386,-7.10532359646,-16.1137826661,1.25547979734
2015-04-16,-18.8099699457,-7.64481089077,-15.7945665509,0.920590523709
2015-04-17,-19.1302763206,-4.87043607201,-16.3100483598,1.8606780808
2015-04-18,-20.1724143399,-6.56493289608,-16.5506452105,1.56003517145
2015-04-19,-20.4284708402,-4.58048822765,-16.6230653228,1.28979893373
2015-04-20,-21.7472133733,-4.05840840668,-16.2001143425,3.52123039095
2015-04-21,-21.675456257,-4.25709990155,-16.7262006919,1.67569412029
2015-04-22,-21.2752651189,-4.65514647183,-17.3946580619,4.59615015448
2015-04-23,-21.6336786269,-5.31435861766,-16.450658664,5.60637218406
2015-04-24,-21.461662742,-7.04897519244,-16.871113977,5.3878923856
2015-04-25,-20.878170348,-8.23342707421,-14.9761983448,6.72082511597
2015-04-26,-20.8469445979,-7.26858973276,-15.0978056252,6.90178229459
2015-04-27,-21.6529851484,-7.04625844343,-13.5008790312,5.05395437677
2015-04-28,-20.6366708296,-6.10424789919,-12.4234639229,5.00160882267
2015-04-29,-20.6614383519,-6.18618201271,-13.3970350814,5.18872364194
2015-04-30,-20.5278254374,-6.82993072074,-11.841455516,7.40523980612
2015-05-01,-20.7407015999,-5.98735482912,-12.9222315418,6.25900780821
2015-05-02,-21.2952850537,-8.26072726116,-11.2571048093,7.59020442289
2015-05-03,-22.7563208308,-8.49748498199,-10.3321630769,7.57604492203
2015-05-04,-22.9224584603,-8.39177938542,-10.9534101399,8.09657032026
2015-05-05,-23.6329238478,-7.98970717757,-10.8388082824,7.38987405186
2015-05-06,-23.2959681194,-6.7836672636,-11.8630962546,9.20146875236
2015-05-07,-24.2921834401,-5.73996342119,-12.5781371359,8.86396383163
2015-05-08,-24.8838582194,-6.39749850962,-12.9756658578,8.80933572411
2015-05-09,-24.2644489643,-5.9171930095,-13.1358757758,10.3394240476
2015-05-10,-22.8296946055,-7.90576765486,-15.1335127018,10.2765805012
2015-05-11,-22.7884444382,-7.21103923251,-13.9329863083,9.16041998018
2015-05-12,-23.068795246,-9.46571129714,-14.4323509981,11.8469804476
2015-05-13,-22.3421844158,-9.22020586431,-14.7071622155,11.0077497552
2015-05-14,-23.4843097488,-7.24986209608,-14.7297839199,10.9670511102
2015-05-15,-23.7844839611,-7.00284794753,-14.4826616993,9.36193488178
2015-05-16,-23.8161870624,-5.95506720411,-14.3315483458,10.2374562985
2015-05-17,-23.4032605789,-4.97657991803,-14.3229144654,10.914138859
2015-05-18,-23.2630888655,-3.82312982574,-14.1804890579,11.4483711624
2015-05-19,-22.80895087,-3.66544385575,-15.1424873889,10.7430429344
2015-05-20,-22.2844086741,-3.74639841285,-14.9280666481,10.4943506452
2015-05-21,-22.406729028,-2.71664250054,-14.2147817574,11.5669790572
2015-05-22,-21.8723701907,-2.79035904578,-14.4344252535,11.1604748044
2015-05-23,-23.0489482683,-0.0474136507822,-14.6505711664,10.4494700481
2015-05-24,-23.0482066039,0.0846814467331,-16.34152441,10.2211262896
2015-05-25,-21.5073882506,0.845393835344,-17.4215914414,11.7743559419
2015-05-26,-21.4206142274,1.52975890838,-16.2477774136,13.0223468445
2015-05-27,-21.7415781566,2.74605990859,-17.9774859682,14.0577854623
2015-05-28,-23.5057498355,3.49654912809,-15.8154047582,15.7138629828
2015-05-29,-23.4279369482,1.14617091975,-16.2858178261,15.7847644827
2015-05-30,-24.6041950918,0.793762059247,-15.9975694694,17.5809727128
2015-05-31,-25.0156644539,0.951293777368,-16.5290273496,18.3650196957
2015-06-01,-23.9068718548,3.00081072666,-16.1216471833,18.4850920786
2015-06-02,-23.6762613619,3.72750132329,-15.6238982813,19.8092104948
2015-06-03,-23.2297999172,3.45509946593,-16.8048289516,19.4646214474
2015-06-04,-23.8853128591,3.17364143476,-15.875860766,20.7885341089
2015-06-05,-24.8727790417,4.76735791172,-17.1298662452,21.4556533106
2015-06-06,-24.3465660572,4.6667311683,-16.64213211,22.1955332686
2015-06-07,-24.8011546228,4.09873051077,-15.8447247378,23.8772194784
2015-06-08,-25.8513253961,2.21358702294,-14.5223900859,24.8138235797
2015-06-09,-24.7741491292,2.8323391076,-12.9537405941,25.217408766
2015-06-10,-24.5280683446,1.92672248478,-11.9618758899,24.3201273261
2015-06-11,-23.8729320712,3.58379323776,-12.6085571768,24.6864879879
2015-06-12,-23.3038500928,5.97661826036,-13.1995270272,25.36440897
2015-06-13,-23.4301121684,5.08739492194,-10.8397904874,23.5799391358
2015-06-14,-23.3180995012,3.99935108864,-10.3778068324,24.0213301879
2015-06-15,-22.3010117348,2.83754437325,-9.66444664091,24.0527950524
2015-06-16,-22.3497400172,2.06608679083,-7.14165759128,24.9538771016
2015-06-17,-21.6209386027,1.71277165564,-6.49327932143,24.6410059294
2015-06-18,-20.7664461806,0.732969498223,-6.00365842161,24.3757696494
2015-06-19,-21.5740036839,0.856933969108,-3.19496157579,25.8050431498
2015-06-20,-21.7689517086,0.876418569337,-2.43928595759,26.9813749157
2015-06-21,-20.7560267294,0.331537808007,-2.02094561708,27.5487883638
2015-06-22,-20.9840919429,0.480602183155,-2.19910095552,27.6251500797
2015-06-23,-20.8132026817,0.924158722212,-3.13370627446,26.19715414
2015-06-24,-20.4744613877,1.22296133255,-2.42225025724,24.7916197045
2015-06-25,-21.576680471,0.806511841995,-2.72428704441,24.7407979277
2015-06-26,-21.7822697297,1.39141972387,-1.95597638929,23.8212844636
2015-06-27,-21.2336364298,2.32460705993,-1.15133499861,23.2982831106
2015-06-28,-21.7392113173,1.7345785309,-0.703924192058,21.3428858698
2015-06-29,-20.8688371683,2.77357105553,-0.879387661597,20.5809271093
2015-06-30,-21.2789782547,2.58224757833,-1.54175174206,20.3149413778
2015-07-01,-21.5552111406,2.46597726932,-3.31489655968,20.4744010475
2015-07-02,-21.4145257676,2.72196327168,-3.33273117319,20.3548018444
2015-07-03,-20.4770393192,1.22390873474,-3.13035346032,20.9660220514
2015-07-04,-21.5127781488,1.56082951664,-2.91569050313,23.3282528636
2015-07-05,-20.6599245618,1.29442384989,0.418102424527,21.6839279663
2015-07-06,-20.6089194089,0.494287390716,0.00725481138146,23.2076749101
2015-07-07,-21.7032483316,0.630641931788,-0.286763789701,22.9385776859
2015-07-08,-21.658162633,0.452108444049,-1.83056077634,22.7136461253
2015-07-09,-20.6335226805,-0.0742160965791,-3.23629128175,22.4838786756
2015-07-10,-22.3156951328,-0.422889443131,-3.89928851771,22.9894173285
2015-07-11,-22.2714500564,0.676420922978,-3.95036091601,23.2069097345
2015-07-12,-21.7090596056,-1.05033905862,-2.93483193988,22.8113620393
2015-07-13,-20.4465661774,-1.93466571541,-2.80234942522,24.1866966213
2015-07-14,-20.2552030314,-2.02667762403,-1.78587272513,24.1861176168
2015-07-15,-19.4169481321,-1.41254084007,-1.52115865265,23.6734179883
2015-07-16,-19.5986159683,-1.52985659129,-1.10798357482,22.3910176294
2015-07-17,-18.8360730768,-2.92185816878,-1.21299136985,21.2622247362
2015-07-18,-19.7600190682,-3.71679033692,-0.694743116151,23.5407921572
2015-07-19,-19.0505171651,-3.58088479224,-0.248419246231,25.1756233583
2015-07-20,-20.3737998504,-2.80813294162,-0.216727487261,24.3835376526
2015-07-21,-21.962762738,-0.892660843216,0.370479385841,23.9747668968
2015-07-22,-23.0041360876,0.118219918218,0.0311478600654,23.8492095808
2015-07-23,-22.0869755786,-0.976248401665,-0.754027352791,23.8741558572
2015-07-24,-22.3502960204,-1.82901427784,1.07563721167,26.976183039
2015-07-25,-24.020811678,-1.71466827517,-0.21673926839,26.381660984
2015-07-26,-24.4526849315,-1.55049521361,0.110403056169,26.8776286044
2015-07-27,-21.9394164242,-0.502380847504,-0.417184595945,24.7381879014
2015-07-28,-20.9977477992,-1.18726106278,-1.51081361108,25.181441867
2015-07-29,-19.3844658218,-0.973784477527,-0.472104261895,24.5729758566
2015-07-30,-19.5030326877,-1.09138255812,-0.824463937598,23.5303192414
2015-07-31,-20.8069476933,0.253569148718,-1.73619365743,23.1605909987
2015-08-01,-20.3023874356,1.97501724722,-0.77087295512,24.2437926799
2015-08-02,-21.045034149,1.82178581239,-1.81343593418,24.5213907938
2015-08-03,-21.155877305,1.54815395159,-3.64258841355,25.3789035089
2015-08-04,-20.6626386696,0.342227791329,-3.56452619788,24.9314383562
2015-08-05,-21.0608963391,-0.546559630723,-4.1344343778,25.9656205462
2015-08-06,-19.3056748285,-0.459978082584,-5.72286334121,26.6836647728
2015-08-07,-20.2834504947,0.680754841814,-3.75994519581,28.6586449578
2015-08-08,-20.528506994,1.5288068234,-3.04243224028,28.1613192321
2015-08-09,-20.6938788973,0.655323790343,-1.9087189845,27.5360000448
2015-08-10,-20.946172805,1.90294206274,-1.37238086808,25.5758430938
2015-08-11,-19.7089524621,3.44542752139,-0.749505283928,25.6460783135
2015-08-12,-18.6085559823,3.93570126626,0.0421176205192,26.4904487575
2015-08-13,-18.3684513727,3.72280667161,1.27314127691,25.2772881164
2015-08-14,-19.1424612849,3.64692736165,2.19386508261,24.3036053784
2015-08-15,-18.7633321094,2.29565730318,0.655093344594,23.7944318633
2015-08-16,-18.7387657544,2.45010633135,-0.195957207607,24.4264555772
2015-08-17,-18.5532619181,5.00502454563,1.28108447062,25.5597942723
2015-08-18,-20.6212707272,3.79577251663,0.159594271689,25.7052743766
2015-08-19,-20.8091215463,4.87175557631,-2.22238175998,27.417141396
2015-08-20,-20.9243641832,5.13053137008,-2.33940491288,27.5847563087
2015-08-21,-20.6427807056,5.06065428228,-2.42954424756,28.1974024023
2015-08-22,-20.9007277301,4.38975914648,-1.80456051546,27.6962106956
2015-08-23,-19.3549111341,4.27035388585,-1.59134273052,28.5481451693
2015-08-24,-18.4716245745,3.83262971631,-2.21922049356,27.7039631825
2015-08-25,-16.6635808956,3.87621543724,-3.46949911566,26.3620063829
2015-08-26,-15.9373353962,5.32909133002,-2.59275165953,27.7341405968
2015-08-27,-16.0267960107,4.86759206863,-2.60015284914,29.2871969867
2015-08-28,-15.7545787382,4.51544363365,-3.62197796915,31.1630674147
2015-08-29,-16.2359312146,3.53022785807,-3.12005869365,32.5617225786
2015-08-30,-16.9030559566,4.66757604397,-3.25346453765,32.72299541
2015-08-31,-17.2904461821,5.08527936431,-1.59488805707,32.4853926512
2015-09-01,-18.118653935,5.0261379655,-1.06856370959,32.5031744825
2015-09-02,-19.6946770313,5.13672613097,0.0244180253419,35.0279851965
2015-09-03,-20.747532929,3.89272287357,-0.00871546421933,36.0427978456
2015-09-04,-19.1216129925,3.00380410711,-0.426764551216,36.9512909098
2015-09-05,-18.1699337305,2.63901478111,-0.100561416288,37.0096519832
2015-09-06,-17.449565112,3.16426496312,0.749650669706,38.0328305519
2015-09-07,-15.3260511119,3.21852109761,0.266624899715,38.3533468848
2015-09-08,-14.2964416549,5.2502536526,-1.58534669562,38.7178461652
2015-09-09,-13.4241079421,5.98991254059,-0.923701048018,38.0679324054
2015-09-10,-13.6355666323,3.70045346443,-2.27898132135,39.3939962487
2015-09-11,-12.4197706889,2.73671896992,-1.85794109914,39.7179639219
2015-09-12,-13.4416244935,2.70901445927,-2.91023120271,38.9911535445
2015-09-13,-13.5414851916,1.39425179426,-2.29439536621,39.4300834069
2015-09-14,-13.1079269185,2.46831313272,-3.54660971125,40.0457824063
2015-09-15,-12.5600529035,1.25914187277,-5.67875935211,39.599667737
2015-09-16,-13.6340418841,0.430310092593,-5.60784690079,40.2079519351
2015-09-17,-12.5676897512,1.17154170741,-6.67488381827,40.0153776128
2015-09-18,-11.3657245945,3.04281051396,-8.01629470451,41.4550461145
2015-09-19,-10.2249542177,3.75710727841,-7.59184269226,39.7612160476
2015-09-20,-10.0736654907,2.75762316089,-4.89296582938,38.8233162729
2015-09-21,-11.1712457266,1.40011192437,-5.72710835676,38.6449516892
2015-09-22,-9.59199490945,2.27801756658,-6.62159770799,38.9041516247
2015-09-23,-9.55518952518,0.308799900028,-6.54761116696,39.5345681992
2015-09-24,-11.2852777416,0.142638605414,-5.50262216056,40.176052078
2015-09-25,-11.3941889589,0.693330975059,-5.44131192994,39.6509763094
2015-09-26,-10.4805262158,0.096955817087,-5.5769833829,39.3180118654
2015-09-27,-9.68875904801,-1.15273242143,-5.58324951832,38.6005481104
2015-09-28,-9.55928485964,-1.07988095498,-5.58406885189,40.4826766253
2015-09-29,-10.2129889741,-0.161874379554,-6.61838367862,40.2024347752
2015-09-30,-11.6389876996,-0.935087176313,-6.05420141066,39.7594527884
2015-10-01,-10.6657279317,-2.24579822625,-6.37057816323,39.7108569629
2015-10-02,-9.89805484367,-4.01087198448,-7.72469896264,40.8412429119
2015-10-03,-9.08511279628,-4.85551042488,-7.90937092585,41.0436845587
2015-10-04,-7.18866459142,-6.01237631343,-7.07138812541,38.3182323907
2015-10-05,-7.50327945456,-6.06108422003,-6.08472882932,37.6763743671
2015-10-06,-9.48193826427,-6.97156904871,-5.57451073152,36.8869681634
2015-10-07,-8.95906385573,-7.43481310117,-8.13025292056,37.2990851419
2015-10-08,-8.75735097804,-7.90647188255,-7.82884790411,37.3181986762
2015-10-09,-9.09246219956,-6.07519498351,-8.11321554558,36.4584536934
2015-10-10,-10.2376580162,-5.52052116936,-8.6861323987,36.7051480237
2015-10-11,-9.50147309203,-4.68475263646,-9.23227865373,37.9780155021
2015-10-12,-8.49881406988,-5.31317462577,-8.8453290089,35.9321950519
2015-10-13,-6.96111397625,-4.99853270842,-8.18434015756,37.5205874021
2015-10-14,-7.02579951395,-4.30322817814,-6.74065661253,38.7420765634
2015-10-15,-6.09776928864,-2.95204034343,-7.56204089997,39.6410498655
2015-10-16,-6.57706327291,-2.84122889611,-5.98319865113,39.9451392741
2015-10-17,-7.3326864516,-3.18478324064,-6.75861243536,39.4773520603
2015-10-18,-7.90430638429,-3.24809592807,-6.49505104541,39.1464209271
2015-10-19,-7.13945225619,-3.30087458835,-6.14955439792,38.3932002356
2015-10-20,-7.8664784379,-1.52335891473,-6.73868740735,38.9718074023
2015-10-21,-6.83237251902,-2.45037062797,-8.51801653181,39.6842746934
2015-10-22,-6.24815785256,-1.84287608474,-8.25557635646,39.2237359762
2015-10-23,-7.051412161,-1.22895184867,-7.7799381994,39.199764
2015-10-24,-6.0945924584,-1.76135467509,-6.73980506948,39.3809465087
2015-10-25,-6.24548209448,-1.3044951499,-7.63545947722,37.9010211249
2015-10-26,-6.60218332651,-1.49896678639,-7.04510496664,37.3151863054
2015-10-27,-8.16062055654,-1.5679688155,-5.70797985887,36.4365377728
2015-10-28,-8.41410867988,-1.38287320752,-3.75533322179,36.9216798917
2015-10-29,-9.48903840695,-2.62396233851,-3.09201849143,37.5879175441
2015-10-30,-8.03995654672,-4.22886641086,-3.14910499941,34.9556167976
2015-10-31,-7.68670324032,-5.72377305913,-1.90623904884,35.9214032917
2015-11-01,-6.9743019909,-5.34650918792,-1.67378260756,35.1881624193
2015-11-02,-6.69206878893,-5.33970550781,-2.1256459833,36.2941680564
2015-11-03,-8.01832278281,-6.33546354672,-3.83761035414,38.1896582156
2015-11-04,-6.09724569675,-4.04735161353,-5.43767340297,37.1746541257
2015-11-05,-5.40535717719,-4.14193970863,-5.1407208038,37.3792909318
2015-11-06,-4.90147309555,-3.64440626117,-5.8929900418,36.1926334735
2015-11-07,-4.9311812415,-5.07614804204,-4.01285881858,36.3300448566
2015-11-08,-5.49401991018,-5.45249992368,-4.53253358269,36.8249344968
2015-11-09,-4.46892471642,-5.96693452455,-5.02466268599,35.2630991086
2015-11-10,-3.66227770594,-5.21785509999,-1.9999500792,34.328836074
2015-11-11,-3.69259084713,-5.13193773872,-2.24234555365,33.8407008202
2015-11-12,-1.57462300117,-3.82744512336,-1.86548639794,34.0632808249
2015-11-13,-1.38070552745,-4.57355630291,-1.95359722393,34.1210479114
2015-11-14,-1.76489012498,-3.77599486663,-2.90604440882,34.500511903
2015-11-15,-2.29517809846,-2.14323334885,-2.42408230909,35.9298996082
2015-11-16,-2.17485542817,-2.76673992747,-0.923915253905,35.7704353236
2015-11-17,-1.41541217278,-1.68175215564,-0.332372777634,36.8605318641
2015-11-18,-1.17542809841,0.119281590245,1.3640057525,35.2383924989
2015-11-19,0.0955547458388,-1.01922226442,2.34573242631,35.3800136694
2015-11-20,-0.0378609825257,-1.47018794728,2.48459426003,33.6189206406
2015-11-21,-0.31389012603,-0.317641156588,1.68571453981,34.0655425111
2015-11-22,1.15212500855,1.26180286641,3.64714585963,33.8306475835
2015-11-23,-0.0972296187349,1.23076949862,5.01007023686,36.1078496368
2015-11-24,-0.964086934765,-0.0759619030831,3.90264605424,36.4389938128
2015-11-25,-0.911388189843,0.131792514958,4.80296501134,36.8893698089
2015-11-26,-0.800385833651,0.532352847852,4.27176554794,34.0469064145
2015-11-27,-0.943645557578,-0.763924666396,3.07706176009,32.5417370435
2015-11-28,-0.465125920224,-1.20806779187,1.61352959773,32.8824631358
2015-11-29,-0.682495566168,-1.77883377767,0.486247706865,32.0644954484
2015-11-30,-0.510694729204,-1.60089518157,0.755693983946,32.9146896357
2015-12-01,-0.127873648032,-3.27187187072,0.100458478881,32.9250343497
2015-12-02,-0.560774571831,-2.43428837288,0.253613334381,32.6100743165
2015-12-03,0.86218073038,-2.7494507375,1.05077333301,31.3316120002
2015-12-04,0.980574589847,-2.03574941623,-0.68336005183,32.4068282829
2015-12-05,-0.0117770761265,-1.75359939293,0.23332042177,31.7787970861
2015-12-06,-0.996329103573,-1.68867269561,1.12773230409,32.1959444572
2015-12-07,-1.74662845739,-0.462682624956,0.0194227392598,33.9505054291
2015-12-08,-0.824184748605,-1.5289258661,0.978795747889,33.0974302232
2015-12-09,-0.198145560242,-2.11145852861,-0.263560967089,34.0591419168
2015-12-10,-0.910616329046,-2.40441601513,1.03527537073,34.059215262
2015-12-11,-1.02612072716,-2.64384933275,0.957773385658,33.4081874038
2015-12-12,-0.631505758094,-2.12776824302,1.24626431393,32.3798999974
2015-12-13,0.348907918699,-3.81514243668,0.0359924707358,31.498735738
2015-12-14,0.830521144871,-3.41486067978,-2.14944529885,32.1079177796
2015-12-15,1.31994950784,-3.02218019327,-4.56264255408,33.6476013512
2015-12-16,0.134255157124,-2.48736659567,-4.34810185089,32.4722132393
2015-12-17,1.42982660029,-2.26436565594,-3.93373416083,32.8292088512
2015-12-18,1.47412932814,-1.02562853307,-2.54439585165,32.0189381966
2015-12-19,2.57414627429,-2.48678693203,-0.828068571162,32.8332782723
2015-12-20,1.27412277543,-2.72509532931,-1.00461134089,33.1480276353
2015-12-21,-0.684127314005,-2.5116219846,0.791932708034,33.4248809979
2015-12-22,-0.993457429309,-1.84884872712,0.385834256869,33.1123533234
2015-12-23,-2.18589669337,-0.858744486878,1.57306958001,33.071039623
2015-12-24,-1.46940072876,0.770027266768,1.62750019918,33.6959415447
2015-12-25,-0.197304754931,0.952915756569,0.368147788059,32.8429446673
2015-12-26,0.555915203359,0.224315559981,0.327073345518,33.558410611
2015-12-27,-0.621039291455,2.74772307907,2.48326809146,33.923635809
2015-12-28,-2.04010009622,3.47971054107,3.94795777073,32.8509424877
2015-12-29,-2.91957579621,2.05668705932,3.39862025377,32.7559207612
2015-12-30,-3.62890985108,2.67484489752,3.0444206791,33.0647457617
2015-12-31,-2.51947129058,4.17648553691,2.29456079829,32.5443848911
2016-01-01,-3.09749025558,4.31004288139,1.29835392335,31.7586535436
2016-01-02,-3.39916778449,4.8453812221,0.223809945603,30.9640523597
2016-01-03,-3.7037198439,2.95141894103,-0.728604389479,29.5686985643
2016-01-04,-4.60586061199,3.18690777467,-3.43916762077,31.2985026894
2016-01-05,-4.20067272142,3.38550903637,-2.78967313136,32.4158072032
2016-01-06,-5.07674386954,5.07173654248,-2.17401726779,33.5413693833
2016-01-07,-4.63832102872,3.69664154066,-0.91279920316,32.7916086909
2016-01-08,-5.77535769127,4.08744084246,-3.37259688577,32.7035255465
2016-01-09,-6.63182377902,4.07621335668,-4.48344459267,34.2134439786
2016-01-10,-6.01895957653,1.8155721137,-5.5371124567,33.3386287959
2016-01-11,-5.93588689404,1.23114216659,-5.09313770597,33.2733566688
2016-01-12,-6.38705317117,2.57607849812,-4.15347996142,32.4554182256
2016-01-13,-5.66286699433,3.49383247907,-4.10318000199,32.7542560078
2016-01-14,-5.81956911966,3.89076103285,-3.62226471493,33.7408379288
2016-01-15,-4.54433938138,2.04743543204,-2.17888475978,33.0290802908
2016-01-16,-5.02630470029,1.38407028491,-3.81305426221,31.696492396
2016-01-17,-4.68407326787,1.67518962254,-4.5933623522,32.9991398594
2016-01-18,-4.05637214162,1.1216823539,-4.03734095835,32.7092930101
2016-01-19,-5.07088980289,-0.063223958933,-4.71421644678,30.9479474965
2016-01-20,-4.98341557109,0.014467829582,-5.16428551777,30.4144631594
2016-01-21,-4.66136672632,-0.442819007083,-5.92777763826,29.9455477435
2016-01-22,-5.12454693968,-0.660791973505,-6.91911821987,31.1040871879
2016-01-23,-5.19297282411,-1.12439476471,-5.89267238624,30.3356643186
2016-01-24,-3.38938273121,-1.47833895926,-6.44990394938,30.8313049354
2016-01-25,-0.534377561935,-1.84891332648,-6.15703094126,32.7192111961
2016-01-26,1.61248588629,-2.23149494972,-5.61964286622,34.2897196215
2016-01-27,2.57238757414,-2.88595243344,-4.21358675628,34.9524320269
2016-01-28,1.17379981774,-3.21794138518,-3.87422898614,34.8151541689
2016-01-29,-0.565977111328,-4.74335927365,-4.20533725155,33.9129524239
2016-01-30,-1.42920698432,-4.47555854362,-5.81550538537,33.3557088384
2016-01-31,0.510327397153,-4.19594377079,-4.83200735008,33.7580131373
2016-02-01,1.12189792699,-4.9396086394,-3.46823016916,31.1591165118
2016-02-02,0.785519638625,-6.63648924925,-4.14559059372,31.0847531616
2016-02-03,1.04665910888,-7.04331183356,-3.80410774135,30.3162916243
2016-02-04,1.08520037215,-7.86865999465,-5.24686464863,30.4540526042
2016-02-05,0.593801599994,-8.11115008855,-7.17421846062,32.2485026609
2016-02-06,0.139862449686,-7.34309527353,-10.4127009851,31.8744327735
2016-02-07,-1.03381493893,-5.91370682473,-8.91096644753,30.6367237846
2016-02-08,-1.57819856856,-2.95027164634,-9.20770744762,30.5142344086
2016-02-09,-2.27359282725,-2.85680823417,-9.04347310309,31.8367147562
2016-02-10,-3.80526986735,-3.76200324782,-8.38078907397,32.2169904558
2016-02-11,-2.39440724536,-2.70690349552,-7.79472313438,33.6268035002
2016-02-12,-1.72765506703,-0.772795672221,-7.60343864473,35.2299671649
2016-02-13,-2.00198251349,-1.63013778297,-5.20470467815,35.3822867865
2016-02-14,-1.46951401876,0.165218096548,-7.59355164911,35.7982878503
2016-02-15,-3.15483010881,0.64391562925,-7.45855467576,35.2921494864
2016-02-16,-3.03221092513,0.257268343573,-6.94911292096,34.9596851935
2016-02-17,-3.66208628073,1.0775126483,-6.10911934485,34.7286568593
2016-02-18,-5.02182932233,1.82990680729,-6.2736049401,33.2425255949
2016-02-19,-6.14106799547,1.30128132966,-5.6974412886,33.989926424
2016-02-20,-4.18164238645,1.69318652822,-6.03776988908,34.6114033715
2016-02-21,-3.78122422084,2.2928431082,-5.72963371244,35.5491632736
2016-02-22,-3.97608125685,0.683491605911,-6.96741156004,35.8659440079
2016-02-23,-3.71441534883,0.132938840301,-6.65585093918,35.8771175099
2016-02-24,-5.05165218222,0.744733726475,-6.39182952187,35.5521465908
2016-02-25,-3.23099347002,1.16206460043,-5.50940763434,36.1138513294
2016-02-26,-4.5619709146,-0.410044667665,-6.44188113894,35.5709824902
2016-02-27,-5.91005638375,-0.933543621441,-7.6810979959,35.0494177748
2016-02-28,-6.32744450772,-0.675094732451,-6.44488565814,35.4235506773
2016-02-29,-5.91004805338,-0.618074306932,-7.24167185714,36.298104334
2016-03-01,-5.52697950946,-1.32142137545,-7.70954408608,34.9271254574
2016-03-02,-5.72067180797,-0.717948490698,-7.25648039277,33.7738115976
2016-03-03,-6.02588890158,-0.166636014727,-6.63214185996,34.7829223285
2016-03-04,-6.56065265612,-2.06154932858,-7.77930484629,33.5719104965
2016-03-05,-6.8591232932,-1.85849604514,-6.25680657925,32.8419068703
2016-03-06,-8.29687785711,-1.23462114181,-5.93453528773,33.3905495284
2016-03-07,-8.94016730403,-2.58773557566,-3.07577870681,34.3116031463
2016-03-08,-10.6445778755,-4.14166005678,-2.31048923248,35.3805556052
2016-03-09,-10.9948152412,-4.26696494635,-3.2969742186,36.8038085881
2016-03-10,-11.5191855232,-3.64981343402,-2.69203574291,35.726984553
2016-03-11,-11.1338567215,-3.63134464595,-4.60660331153,34.0459058056
2016-03-12,-10.1664278851,-3.41400142221,-3.78845207443,33.7069682728
2016-03-13,-10.433543814,-4.26790223416,-4.14975896009,33.3299429545
2016-03-14,-11.0661270533,-5.43280760204,-4.79849909681,32.8022057205
2016-03-15,-10.7810455647,-5.50276289744,-4.22958880013,32.2042493453
2016-03-16,-11.0739263709,-5.33955239321,-5.35172857866,31.5451816097
2016-03-17,-10.511993775,-5.92544468732,-5.15538377062,32.3190828568
2016-03-18,-11.4041232807,-3.89105022713,-7.26099072031,33.206610535
2016-03-19,-12.1061036725,-4.29703329808,-8.03944665781,33.5212941717
2016-03-20,-12.6429313385,-2.73906254476,-8.95833438702,33.5619133425
2016-03-21,-13.1329080326,-2.62233928686,-9.75602784568,34.4664295539
2016-03-22,-12.1823797206,-4.17119537452,-9.75828895581,34.5391658414
2016-03-23,-11.3001507686,-5.13695725811,-8.71807255936,34.7747942621
2016-03-24,-11.3328189596,-5.6626270971,-8.70571064866,34.2747664604
2016-03-25,-10.487156016,-6.76666603934,-6.51784517002,35.149151363
2016-03-26,-10.4625110687,-6.95699692525,-6.51189268922,35.5035976628
2016-03-27,-8.88425236803,-6.31997823642,-8.10506439487,34.5792152011
2016-03-28,-7.91289906423,-5.66843440036,-8.05790215489,35.0209297136
2016-03-29,-8.05952400205,-5.11445372504,-7.23214622963,34.4955477157
2016-03-30,-7.36677555649,-4.50651261154,-7.40940600838,35.4746386674
2016-03-31,-7.80950662789,-5.89008820458,-7.1083602126,36.3909812079
2016-04-01,-6.78327842156,-6.61599459038,-6.7683895185,35.6100475048
2016-04-02,-7.64166794997,-7.45098021783,-6.16467538503,36.0237032496
2016-04-03,-7.33960489504,-7.17477360742,-2.8966130701,38.4331186967
2016-04-04,-6.02629856377,-8.42335860681,-4.32657168993,39.3525629933
2016-04-05,-7.78274939991,-8.1639858288,-4.71252485206,39.1107691445
2016-04-06,-6.58173454578,-7.48195705994,-5.39618364476,39.8184596007
2016-04-07,-6.91389768049,-7.88469124679,-5.95923288244,40.2906032858
2016-04-08,-7.80329890337,-7.1498769844,-6.70476862993,40.2516880053
2016-04-09,-5.81257661308,-6.91428850687,-6.09579426249,40.414507933
2016-04-10,-4.47108305792,-6.02188613693,-5.08786022529,40.4168435259
2016-04-11,-5.52700571313,-4.88333830098,-7.28548707487,41.0056340383
2016-04-12,-7.23315231965,-5.83698284364,-8.46379679029,42.7702073583
2016-04-13,-5.64450479263,-6.28618554042,-8.68039284211,43.0702506124
2016-04-14,-4.86897764386,-5.597164958,-9.05508206699,43.2109573128
2016-04-15,-6.05175546749,-5.36012400625,-8.59093740018,43.5851318595
2016-04-16,-5.8106171677,-5.65669445366,-8.51206687753,43.6785682019
2016-04-17,-5.41887957509,-6.57122937764,-8.6425471218,42.2686170374
2016-04-18,-5.15008454613,-5.79815493297,-9.66960508503,41.6482002787
2016-04-19,-4.13354574745,-5.64589327448,-9.66994010467,42.8176300435
2016-04-20,-3.86387852653,-6.72018545133,-9.59376849286,42.3867039415
2016-04-21,-3.35114841728,-7.36458719572,-9.55433197871,42.977235383
2016-04-22,-2.62963031671,-5.96368499459,-7.78605235026,41.6674122306
2016-04-23,-2.84847443537,-5.4368693652,-6.46674973582,41.3043546488
2016-04-24,-4.49574168844,-6.74036469791,-4.91809364072,41.2439727363
2016-04-25,-4.25260879666,-6.1480420192,-4.69969765113,41.4282456912
2016-04-26,-3.51238352143,-7.5104345843,-4.9022824791,39.9457233754
2016-04-27,-2.51234685456,-8.61611292632,-5.1732509553,39.292087371
2016-04-28,-2.43897381932,-7.73831992695,-5.8120091976,39.0593927738
2016-04-29,-2.79123647529,-8.72442628248,-5.60449576227,39.1935499895
2016-04-30,-3.55362716196,-8.6054047588,-5.72263574618,40.1423592277
2016-05-01,-3.94314459036,-8.08153992384,-4.48776669316,39.4937740587
2016-05-02,-2.97381111539,-6.89425673317,-4.10980169345,38.0637612009
2016-05-03,-2.6546235762,-5.23705815672,-3.78104836225,36.2433503176
2016-05-04,-2.33901268323,-5.47377715052,-3.65557015646,36.7041351617
2016-05-05,-1.24499689486,-5.79566182193,-3.3903781921,36.7257023252
2016-05-06,-1.03307560027,-5.32209335992,-3.17331956704,37.3084624576
2016-05-07,0.307268035965,-3.73152262769,-3.2616547445,38.0173724038
2016-05-08,0.111966981469,-4.26730785184,-2.97198200034,37.380705033
2016-05-09,0.758758631778,-4.29769485091,-2.6711607005,36.9797267037
2016-05-10,-0.732407021103,-3.87179376806,-2.94844791271,35.5329752681
2016-05-11,-0.340518804881,-2.34173951059,-4.20548621207,35.9202752375
2016-05-12,-0.65886875534,-3.62539827217,-4.88965012185,35.2207241913
2016-05-13,-1.21908763478,-3.56065997003,-6.89998692402,34.8656293613
2016-05-14,-1.9387926864,-3.99237434964,-5.51398145679,33.858210317
2016-05-15,-3.29489358121,-3.89620240049,-5.03761199267,33.2551395695
2016-05-16,-4.17041303195,-4.28614507691,-3.81199084557,33.7556448496
2016-05-17,-5.0538976638,-4.54649865785,-3.88392734677,34.0012809246
2016-05-18,-6.86279169005,-3.93063708323,-3.72891496967,34.3728906896
2016-05-19,-6.09506909129,-3.41754557381,-2.65053989815,35.1652835995
2016-05-20,-6.43115903759,-2.67591535452,-5.01491964813,34.990093139
2016-05-21,-6.56303734419,-2.34978415653,-4.88893231218,33.8288828653
2016-05-22,-6.19580173976,-2.67873014301,-5.30839342186,31.7699985353
2016-05-23,-6.62889363974,-2.09126793245,-6.63074424602,31.9365612909
2016-05-24,-6.21740411983,-1.90038277073,-7.1723019686,32.6816090709
2016-05-25,-5.89277649904,-1.35288016406,-6.74060765957,31.3649258853
2016-05-26,-6.84228672547,-0.727851956319,-5.34559366337,32.4147425377
2016-05-27,-8.99109812526,-0.315918583753,-5.78505359812,32.9759548063
2016-05-28,-9.20880890159,-0.587515684536,-3.11535339806,32.0417489949
2016-05-29,-8.15977117067,-1.2729433471,-3.17495686488,30.6034200818
2016-05-30,-8.46575102276,-0.973565933512,-1.91719938358,30.2785452191
2016-05-31,-8.19327472184,-2.04179809971,-1.49439691952,31.6739478112
2016-06-01,-7.27071285074,-1.26575748145,0.615321098253,31.5585688811
2016-06-02,-7.04745069008,0.0373170824779,1.01793346491,32.776754899
2016-06-03,-7.59998325299,-0.147481173106,-0.0761292533563,33.5899141902
2016-06-04,-8.58203875653,-0.0496586148834,-0.621635487733,31.0903383284
2016-06-05,-8.73065086847,-0.847095501174,-0.927764728163,31.6258978194
2016-06-06,-7.70558731184,-0.846313683754,-0.875145865131,31.154066848
2016-06-07,-7.52306317895,-0.0410193849148,-0.589627220351,31.3592473697
2016-06-08,-5.50890499763,-0.501132681544,0.233827847981,30.384989041
2016-06-09,-4.9008155506,-0.756204608254,0.894485871558,30.8964051462
2016-06-10,-4.30077850056,0.629809372281,1.13131829487,29.4337910581
2016-06-11,-4.41693558574,0.831428105808,1.95292190681,28.817917186
2016-06-12,-5.4735086911,0.650006064456,1.74244618952,28.6962821836
2016-06-13,-7.74457794854,1.46445769527,1.84524309555,29.1907381378
2016-06-14,-6.42011749012,-0.378045741856,1.67676373311,29.5578817593
2016-06-15,-5.82347410783,-1.8601626013,2.72015187659,29.6055138855
2016-06-16,-6.28135870724,-3.00637562647,1.6067740149,28.4852324342
2016-06-17,-7.22853796088,-2.59953188716,1.96162092609,28.9125267247
2016-06-18,-6.93361191938,-0.925149695339,1.60501108338,30.6036339896
2016-06-19,-5.93750245486,-0.0562595168498,2.31499384136,31.4757202989
2016-06-20,-5.23659470739,-1.30367662675,3.31219836044,31.0238915771
2016-06-21,-6.36187792815,0.309915154062,4.14851664986,31.9691019112
2016-06-22,-6.04168737014,7.51205049341e-05,5.29875809497,33.4448733872
2016-06-23,-7.59659041986,0.261081224073,5.5627735742,33.3660937801
2016-06-24,-6.56801346689,0.658665413714,4.77485379825,33.7638705244
2016-06-25,-5.22593645891,0.828737437164,5.16325179911,33.7016724842
2016-06-26,-6.75787334664,2.40230933855,3.77020292876,34.8631096954
2016-06-27,-5.37379666507,2.26062291871,4.35660230614,35.3548744885
2016-06-28,-5.28811259775,2.24542774014,5.94835577992,34.4831423878
2016-06-29,-4.87393833098,2.12963372452,6.29119847724,36.1286247678
2016-06-30,-5.81988290986,1.19603483259,6.29547031759,38.1714453328
2016-07-01,-4.03894543694,0.574990703619,6.83282878554,38.6477999916
2016-07-02,-3.96746752073,1.06190833213,7.63165645265,39.6049242059
2016-07-03,-3.39748472942,1.32431994289,7.52879110825,37.7121376473
2016-07-04,-2.11039369203,1.88382566171,7.34500322083,36.6248871717
2016-07-05,-1.35941789566,2.90258936498,8.05307174454,36.7244469602
2016-07-06,0.0566860724983,4.39592633488,7.61117942518,35.9900500292
2016-07-07,0.996369432326,5.38064322147,5.84417581068,35.1302485592
2016-07-08,-0.328158323229,5.46172434625,6.44157260589,34.9277770454
2016-07-09,0.660981098234,6.11497518099,6.01702850699,34.1132847125
2016-07-10,1.34958897919,5.03873807327,6.94088410098,33.1498352725
2016-07-11,0.932849682524,4.19103688466,7.87206982491,33.97226657
2016-07-12,0.733812163419,5.11579818553,7.05617463733,32.7540763623
2016-07-13,0.0402025839865,4.06470416145,5.60289456049,31.2718027651
2016-07-14,-1.90244065707,1.96365368513,7.00242877191,32.4609161831
2016-07-15,-1.34947471418,2.80717457554,6.90537942303,29.6699199704
2016-07-16,-3.1876444439,2.39083276218,6.06334834909,27.9889773125
2016-07-17,-4.80892736685,1.50194685369,6.55990712479,28.6283556397
2016-07-18,-2.87740475237,1.51357801068,6.67455474294,31.4083398274
2016-07-19,-4.52860107204,1.45888635477,6.68295333271,31.7459666381
2016-07-20,-4.72187410282,4.51780412812,5.25208901578,31.7190364485
2016-07-21,-5.62015922636,3.69317771834,3.87345334764,32.109536822
2016-07-22,-6.06025256471,2.39564595955,3.9046419603,32.5619357931
2016-07-23,-4.86163007711,2.54891059177,5.96585188242,33.1972353861
2016-07-24,-4.80408802243,1.4683097804,6.15513003014,31.5080792392
2016-07-25,-4.1461562875,-0.00138136906901,7.45758156229,31.539729152
2016-07-26,-3.77966443146,-0.11060851905,6.96535590373,31.6579865686
2016-07-27,-3.40526595778,-1.97205166589,8.98698611567,32.9648024588
2016-07-28,-3.95719471431,-2.3051270307,9.49126071043,34.2807514734
2016-07-29,-3.36749542571,-2.8876300743,8.96507190959,33.9663757712
2016-07-30,-3.38026021079,-4.24159392767,8.38173202192,33.120604885
2016-07-31,-3.28240318435,-4.30332971421,9.48226502723,34.2443498901
2016-08-01,-2.02905041677,-2.65664582855,8.42390711871,34.2007127193
2016-08-02,-0.736409761358,-5.34068476924,9.97639466631,34.1306637987
2016-08-03,0.785745919243,-6.40619598517,8.65974862485,34.7403820035
2016-08-04,1.95055069882,-6.27294749194,7.76261327035,35.1500789532
2016-08-05,0.645102736751,-6.35985731214,6.83492953964,36.4227340241
2016-08-06,0.89292268634,-4.629079893,6.32503985461,36.0920960734
2016-08-07,-0.514653802798,-5.41044842888,4.40822350137,35.8980826394
2016-08-08,-0.493027649188,-5.40292062661,6.09327360677,35.8199620466
2016-08-09,-2.38543213857,-5.26846273011,5.82467064356,35.2249340811
2016-08-10,-0.953756823187,-3.60864054497,4.27798202372,35.8937422574
2016-08-11,-0.38596170161,-2.3473770159,4.03357760053,35.3129370953
2016-08-12,1.143234523,-1.54708524799,2.24509858312,37.6037042666
2016-08-13,0.564412066343,-2.23260088784,1.79925581984,38.910623022
2016-08-14,-0.171407278076,-1.22293827296,1.02669704257,39.7295621916
2016-08-15,-0.496593215527,-1.7019403582,0.159863429605,38.6656509023
2016-08-16,-1.94196739653,-1.52701757827,1.08501463629,38.6695738424
2016-08-17,-2.23176774583,-2.67026135192,0.221725621341,38.5804762384
2016-08-18,-2.96060761688,-1.45669461385,2.81125491351,37.9535520671
2016-08-19,-3.37617864278,-2.45688100495,3.84326084843,38.2046494351
2016-08-20,-2.47854460448,-2.97116310804,2.03487710942,38.8508015637
2016-08-21,-2.50142795846,-2.88821970888,2.60588885852,39.4066168477
2016-08-22,-1.15230994773,-5.35792911191,4.57860749406,39.3164761017
2016-08-23,-0.489750583812,-7.00138525382,3.94158691397,38.537947812
2016-08-24,-0.600323925227,-6.87225428947,3.70908077549,39.1850890992
2016-08-25,0.621399846126,-7.32313389747,2.31053966307,40.7500768847
2016-08-26,2.14653497093,-8.14685484419,2.93958715458,40.9133697266
2016-08-27,1.34566304916,-8.34211588374,2.13349494846,41.6719100179
2016-08-28,2.2950478528,-7.85867107198,3.1782327223,39.1656976946
2016-08-29,1.75286853204,-8.63541219767,1.76785366117,38.0020906646
2016-08-30,0.133157202247,-8.4941168003,-0.214943067196,37.327787918
2016-08-31,-1.41725847152,-8.74690932399,0.613127037992,37.3431544416
2016-09-01,0.164139580477,-8.946732119,-0.118331152853,37.6516963527
2016-09-02,-1.59409775825,-8.10437630393,-1.24605142082,37.4407908581
2016-09-03,-3.39169834247,-10.0977591797,-1.74346532911,37.3839743923
2016-09-04,-3.12179304425,-7.35439149292,-1.83091847164,37.7089772261
2016-09-05,-3.27928627696,-7.87837471124,-0.886623673495,35.3641227958
2016-09-06,-6.02451856971,-7.28404451144,-0.817850875587,32.9863696155
2016-09-07,-5.29783672614,-8.17844885754,0.682754307528,32.9366528385
2016-09-08,-5.28823137325,-7.76872171747,0.354434305533,32.7561477919
2016-09-09,-6.83018907052,-7.81762783019,-0.297568145171,32.8140135508
2016-09-10,-6.76912644719,-8.33678350145,-0.908260748225,31.8060072225
2016-09-11,-7.38165116453,-9.93945554796,-2.08319797868,32.298183544
2016-09-12,-6.13982077999,-9.89635197204,-3.93508510052,30.3110559175
2016-09-13,-6.27534940992,-9.04271124348,-5.23559902214,29.9922025442
2016-09-14,-6.22612095713,-8.78582267993,-6.73020236805,30.4321336345
2016-09-15,-7.35335438492,-10.4432109325,-5.90364649278,30.6266165199
2016-09-16,-6.88110029408,-9.49405445671,-6.18853006527,30.1544676178
2016-09-17,-7.52888068135,-9.52972984831,-6.48757763879,30.2350063902
2016-09-18,-7.63637246025,-7.20823837319,-6.4267255583,31.4510014599
2016-09-19,-8.74570408836,-8.39495999828,-6.12711121541,30.4626342371
2016-09-20,-7.66729019202,-9.81928932161,-4.84846193084,30.3920777627
2016-09-21,-7.69464310636,-8.13202946867,-3.65566997397,29.7445158978
2016-09-22,-9.25650263545,-7.39186990719,-4.11628676762,29.0067220685
2016-09-23,-8.96136438046,-7.35790592861,-4.160079475,29.5080851217
2016-09-24,-7.81751687303,-8.55958972899,-4.20463218192,30.1913742649
2016-09-25,-7.63903244008,-7.92411287022,-3.18157284595,29.1638939137
2016-09-26,-6.12128866171,-8.45041351628,-4.04398861459,30.6880350269
2016-09-27,-7.32415182035,-6.89310929138,-5.2424089797,30.5997556674
2016-09-28,-7.37743265264,-6.96512414441,-4.71279856669,30.411949875
2016-09-29,-5.97236374389,-8.20713141729,-5.57528990041,30.8126528586
2016-09-30,-5.46445073727,-6.75250278376,-6.55641755074,30.5185420562
2016-10-01,-7.01409441979,-6.30379417393,-7.52834957272,31.9252822421
2016-10-02,-7.39343646235,-6.19894981556,-8.58657141768,29.7861339731
2016-10-03,-6.02708446005,-4.91901403808,-9.24559795279,29.2728642701
2016-10-04,-5.57626769823,-4.77048442289,-7.44109025955,30.1333814395
2016-10-05,-5.34370030714,-5.4288498666,-6.88017399413,30.8378502846
2016-10-06,-6.63874509575,-6.10254645319,-5.97912052329,30.6456904224
2016-10-07,-8.84644114103,-6.9771999884,-4.81984436083,31.036596221
2016-10-08,-9.60659461749,-7.43948868825,-5.04484095883,30.3356978786
2016-10-09,-9.42452042282,-5.90983812942,-5.44278408385,30.5055244953
2016-10-10,-7.71274509411,-5.91587199431,-5.47202738963,31.7633234298
2016-10-11,-8.58671267156,-4.19914261806,-5.88807986122,31.2433004008
2016-10-12,-8.24078427129,-4.71241683634,-5.61438915226,30.8416471214
2016-10-13,-9.68506029267,-4.50840481011,-3.87384429542,31.3329024728
2016-10-14,-8.86217994412,-5.18641441542,-3.65900060625,30.8256169628
2016-10-15,-8.75477870578,-5.24604084437,-4.60044599818,29.6861598336
2016-10-16,-9.95250265619,-3.90875982464,-5.06881270607,29.5373801655
2016-10-17,-8.78575102394,-3.48506807303,-4.65898242899,29.6493480099
2016-10-18,-7.84947562934,-2.36143302389,-4.25331247033,30.8545963683
2016-10-19,-8.71353951671,-3.63664074212,-4.44140260747,30.6269578022
2016-10-20,-7.74297568663,-2.81879407534,-3.05222129058,30.618357233
2016-10-21,-8.47881157262,-2.87222600356,-2.31662515568,30.5456579008
2016-10-22,-9.02968019344,-2.43701557579,-2.67290833521,30.9338080051
2016-10-23,-9.98912169774,-2.66626464981,-2.25874667817,33.2060548791
2016-10-24,-9.95385390151,-3.77804715858,-2.22313152535,32.7701830768
2016-10-25,-9.25000199949,-3.26827520602,-0.955443598025,33.0477647297
2016-10-26,-9.28716637521,-3.52694256631,-1.58609846373,32.7970488949
2016-10-27,-9.07984449813,-5.23110036231,-2.21094504196,33.1574915782
2016-10-28,-9.00301865221,-4.84917385674,-1.06609724234,30.9761999059
2016-10-29,-9.82333720029,-3.87064820766,-1.84214004134,32.0815477446
2016-10-30,-8.00103895557,-2.7372279383,-1.60082081091,32.4438820897
2016-10-31,-9.70251910831,-2.61268278442,-1.00117530731,32.8126300025
2016-11-01,-11.3862845737,-1.12074126545,-2.05185188946,31.9619496807
2016-11-02,-11.6365928042,-0.401667480312,-2.12512096363,32.8571729549
2016-11-03,-13.3097496242,-1.09801847903,-2.78685447524,34.1451919044
2016-11-04,-14.4026806043,-1.26506730208,-2.3858884251,34.2878117639
2016-11-05,-15.9810171076,-1.60749966803,-2.8190365221,32.9955990527
2016-11-06,-14.8185393328,-2.57787956287,-0.526998643531,33.2220372919
2016-11-07,-14.3382110982,-1.82491015665,1.61660261256,31.7593249255
2016-11-08,-14.8424791537,-0.0927112758734,0.906800726706,32.0632369023
2016-11-09,-13.5725306673,0.774768708375,0.297770009631,33.778197119
2016-11-10,-11.5921585307,0.0137577396236,-1.55957498444,34.679825012
2016-11-11,-12.1390980036,0.937480259878,-2.00014412385,32.8664274326
2016-11-12,-11.2808919515,0.493273763275,-2.28728599962,31.0294992499
2016-11-13,-10.7698309931,1.27445922403,-2.34548102949,28.8975916766
2016-11-14,-11.4345280347,2.08215141519,-2.64981254296,26.6861192385
2016-11-15,-11.3105998486,3.7984471665,-3.0018151063,25.3230909466
2016-11-16,-11.7350406871,3.11312147527,-4.32187471061,24.4107325374
2016-11-17,-11.7465261603,3.42178349865,-3.63305107386,25.0322286786
2016-11-18,-12.322218066,1.69513826053,-3.88937531084,24.0066668183
2016-11-19,-10.6173585534,0.805398890504,-6.57297085234,25.2198737432
2016-11-20,-11.6381178606,0.0354080183809,-6.27514713063,26.583559386
2016-11-21,-11.5501450233,0.0788995125544,-7.51934234136,26.8900798484
2016-11-22,-9.00358116399,-0.858971057953,-6.96188005684,27.8852495285
2016-11-23,-6.7735808403,-2.25252745763,-7.67398607683,26.1630494038
2016-11-24,-6.92187438495,-1.0625638154,-6.75314736924,25.7965257397
2016-11-25,-6.99977792678,0.212194891079,-5.2696779093,24.8915323254
2016-11-26,-7.89010630982,1.70592723702,-4.27123322495,26.2660281621
2016-11-27,-6.92738737855,2.19639845766,-6.80860221718,26.4005667738
2016-11-28,-8.66510933952,1.52062146097,-6.06902160982,26.3615911509
2016-11-29,-7.18080742011,-0.049564165553,-6.30707855472,26.8925084158
2016-11-30,-8.55817651915,0.162217788482,-6.66825234086,28.2037951373
2016-12-01,-9.03118183505,1.02473416953,-7.13486658431,28.4257398017
2016-12-02,-9.77999385909,-0.73984956614,-7.0905256412,29.3983632411
2016-12-03,-10.4434689629,-1.73720235535,-6.36346460625,29.5064819514
2016-12-04,-9.9018311976,-1.66895827807,-6.19909672881,29.1418146053
2016-12-05,-8.89031601122,-2.45974431469,-5.85416923087,29.5556112451
2016-12-06,-9.81572187601,-2.78814298173,-4.61721023782,30.3001725364
2016-12-07,-11.3623495718,-2.67456470665,-5.81399231017,30.128735922
2016-12-08,-10.0624092154,0.255857459265,-7.98467473588,31.1058774097
2016-12-09,-9.39126311245,0.138779467063,-7.97535752846,30.9010763416
2016-12-10,-8.46304851552,-1.51383527683,-7.51797697327,30.8309351833
2016-12-11,-8.39213158544,-0.169889520779,-7.47580234051,30.4694853812
2016-12-12,-8.93982416158,-0.617015199705,-7.60862071117,30.3481798612
2016-12-13,-9.02587213556,-0.127677358764,-8.16091038603,29.2268613754
2016-12-14,-10.4173189541,-0.104898809419,-8.05472541835,28.167044734
2016-12-15,-10.3247389979,0.24611838516,-9.91182343191,27.2874860856
2016-12-16,-9.98209582739,1.24095771523,-8.45458084324,27.2219024546
2016-12-17,-9.56150057339,0.0126199286651,-9.26177366088,25.3690609813
2016-12-18,-10.6215638771,1.30024198056,-11.3122291679,25.6514057093
2016-12-19,-11.4352857504,2.24515264304,-10.8324092704,26.8468113691
2016-12-20,-12.8003575313,2.19542501379,-10.4641203128,25.4846108633
2016-12-21,-12.0599123083,2.42133110711,-9.81304443167,26.3701923285
2016-12-22,-11.9656920779,2.58819172287,-10.1655826463,25.3174554666
2016-12-23,-13.3063142914,3.73443590987,-9.37205933344,27.7767656001
2016-12-24,-13.2127700707,3.82814702218,-10.7809186942,26.040611614
2016-12-25,-13.1219982797,5.65945921285,-10.2455650549,26.0282133489
2016-12-26,-13.8336646501,4.93719448949,-9.71850121693,26.9563402516
2016-12-27,-15.3890359273,3.4124875905,-10.0519933435,26.0067660054
2016-12-28,-15.8607427182,3.61553128872,-10.983825917,26.3862414389
2016-12-29,-15.6704719196,5.92981164625,-11.0501175406,25.9752512381
2016-12-30,-17.2005713576,5.60023813854,-9.50487772121,26.3871959975
2016-12-31,-15.8546589108,5.60775480928,-8.30437126958,26.104564918
2017-01-01,-16.2865024853,4.72728320546,-7.70987153255,26.9926066347
2017-01-02,-16.3957701954,4.72878553625,-7.82948864115,27.3186235796
2017-01-03,-15.9827160899,4.27983295203,-7.81375541629,27.1435022436
2017-01-04,-16.4233556778,4.00812714979,-7.56902284571,28.5347387985
2017-01-05,-17.7577589814,5.41534318048,-8.44882571273,27.4850141546
2017-01-06,-19.777426686,5.32376092121,-8.29961656846,26.3875529392
2017-01-07,-22.1194607481,5.17574256961,-8.72928629777,27.1524955496
2017-01-08,-22.9323727719,4.28150845313,-8.04705785751,28.5101696251
2017-01-09,-23.299702377,3.66770516691,-6.68196593898,28.4452452
2017-01-10,-23.7138492293,3.914431288,-6.57074859902,29.8045980627
2017-01-11,-22.2737763296,4.74991580964,-6.93577239416,29.5080176602
2017-01-12,-24.5882389231,3.85422377677,-6.9741320077,30.0683149497
2017-01-13,-26.170996491,4.20260825828,-7.38414823948,30.1763661251
2017-01-14,-26.349648803,2.69214728123,-8.28834742721,30.7654447221
2017-01-15,-25.9156539908,2.4269927659,-7.58419254792,31.1701122399
2017-01-16,-26.1828702897,1.75255460821,-8.59512504402,30.6034424264
2017-01-17,-25.0121799504,2.03065376007,-9.29673797907,30.784078489
2017-01-18,-25.7224644153,2.55923014394,-10.8909222177,30.0377517175
2017-01-19,-25.5042119785,3.72064998862,-10.4361811552,29.5592363913
2017-01-20,-24.6125072263,4.08080764235,-12.7646358767,29.3327899686
2017-01-21,-26.1296408978,5.50035299143,-12.299905343,29.0814171612
2017-01-22,-24.8788885343,4.39406153838,-14.052641908,29.9403172239
2017-01-23,-25.7952106371,2.49643749799,-14.67128472,30.2217513022
2017-01-24,-25.2957181217,1.0646754435,-13.7821543281,31.1418518715
2017-01-25,-24.5951536717,0.769308956097,-13.6234327423,31.0343092796
2017-01-26,-22.3257484641,1.40258690423,-14.2365028327,31.4081174172
2017-01-27,-23.8100160874,0.791740629521,-15.0709316459,31.6743688767
2017-01-28,-23.5883325803,2.08006106966,-16.0565441024,33.6374780952
2017-01-29,-24.5804967149,1.13439383803,-15.2457442131,34.299700674
2017-01-30,-21.9504622047,1.14484062209,-15.5804704632,33.7854918497
2017-01-31,-21.0864879694,1.44840516922,-16.8972451594,34.7044543643
2017-02-01,-20.8133920815,2.5920555358,-15.8355359982,35.1783126215
2017-02-02,-22.5579396371,2.71394993382,-14.9426604787,36.1314864796
2017-02-03,-22.2301678815,0.871471940912,-13.5192939645,35.6893238378
2017-02-04,-21.3672376712,0.835166163974,-12.3834505212,35.1044925475
2017-02-05,-19.7117947577,0.762780976292,-12.3573164735,35.6854637553
2017-02-06,-19.8141897319,2.27421889558,-11.0184339896,36.3416690812
2017-02-07,-20.0181319053,1.51299811541,-12.2351532103,37.1343835859
2017-02-08,-21.6508937405,1.11217722385,-13.7715578194,37.7781759336
2017-02-09,-21.7608280389,2.66255424164,-12.5236331251,36.5246781454
2017-02-10,-20.0469830106,0.449125157518,-10.889942132,34.6668082309
2017-02-11,-20.0981137481,0.587802662706,-10.8472455281,35.2838242407
2017-02-12,-21.1130352241,-1.47348026196,-10.0699479047,36.8312386764
2017-02-13,-20.8061285519,-1.25543854452,-10.1834653167,36.9673178113
2017-02-14,-22.1815757592,0.189230195932,-11.3607623341,36.590721094
2017-02-15,-22.2820864871,0.483272378358,-12.358700897,37.5579615486
2017-02-16,-22.2114266163,0.242804183356,-13.5486254859,36.4916248916
2017-02-17,-21.6700800418,-0.881370569925,-13.4899914139,36.765721378
2017-02-18,-21.2008045244,-0.961856158222,-14.4614597382,36.8340185575
2017-02-19,-21.0910034847,-1.34771920643,-12.1817860556,36.3613358523
2017-02-20,-21.4777613211,-1.33206845842,-13.4388422436,37.4632293745
2017-02-21,-23.7995475341,-1.89865989232,-13.4825212348,37.2394592591
2017-02-22,-23.7471818525,-1.94694134129,-14.4756453559,36.3388821004
2017-02-23,-24.6155850878,-1.07606602645,-15.1252284766,34.6717480198
2017-02-24,-23.5814893043,-1.6880999011,-15.3502855109,34.9565332864
2017-02-25,-22.0448526534,-1.44280487594,-14.6021237159,35.6610766714
2017-02-26,-23.9197124279,-0.513292545313,-14.3794105271,36.9564613699
2017-02-27,-23.4967711772,-0.73983813963,-13.4542512592,38.1360322891
2017-02-28,-24.2673448995,-1.01933763809,-13.3719198981,38.9241056133
2017-03-01,-23.490723482,-0.565989118177,-14.4189400444,38.7505015874
2017-03-02,-22.6853377904,-0.605413684599,-13.7901689971,40.2487696096
2017-03-03,-22.7820928392,-0.31235816761,-13.6118622862,39.4720914097
2017-03-04,-23.1947923734,-0.447027573785,-14.9994159152,38.9037195209
2017-03-05,-23.7635249635,-0.793327118519,-14.2483589284,39.0375154937
2017-03-06,-21.3254616238,-0.631073150438,-16.0649633849,39.0970803295
2017-03-07,-21.3388556014,2.43141707506,-15.3686889044,39.7520356281
2017-03-08,-20.1129726601,3.2675474381,-13.5699109768,40.7566303214
2017-03-09,-20.2856806606,1.97477110891,-13.7399634232,41.4931921593
2017-03-10,-19.9184408165,1.65519950807,-14.0574305257,42.3929043635
2017-03-11,-18.565374727,2.46016256629,-13.2241866242,44.0503428504
2017-03-12,-19.1120817893,4.30259851273,-13.5729392902,43.9460389754
2017-03-13,-19.6920599846,5.72869665138,-13.6237950763,44.9256269352
2017-03-14,-20.0228745088,3.76828020769,-13.4176753583,44.720476841
2017-03-15,-21.2056977191,3.60756023773,-13.9510463062,46.6992094865
2017-03-16,-21.1687101629,1.67771478611,-14.7280564833,46.6664554068
2017-03-17,-21.6718068715,2.81843390987,-14.5882409555,47.509356069
2017-03-18,-22.3860083031,3.08902510303,-13.5121467106,48.4062144217
2017-03-19,-21.5305326205,3.84611574457,-14.9293868059,47.7005817114
2017-03-20,-22.8013662217,5.1735287684,-16.8073598778,47.8561187153
2017-03-21,-21.8341406353,5.61538273675,-16.1470864285,47.7591551104
2017-03-22,-20.9018039363,6.59692385581,-15.8909349073,47.7725686089
2017-03-23,-18.7860010639,4.61915708679,-16.5740909254,48.8929902938
2017-03-24,-17.7406806223,4.40163678575,-16.2820783799,47.7114734459
2017-03-25,-18.4790546343,2.69425006909,-14.4712010159,46.155513928
2017-03-26,-19.9183562053,3.50816089812,-15.2753867754,42.9803600414
2017-03-27,-20.3046044699,1.97841423096,-16.594942745,44.0276670176
2017-03-28,-20.0954680336,2.04886770204,-17.4619741541,43.2638661063
2017-03-29,-19.0731614148,1.68212146245,-13.4170340245,44.3150921953
2017-03-30,-20.6628082009,2.70438940432,-14.2026855659,42.6316471668
2017-03-31,-19.510935,2.04925488069,-15.1431144635,43.7353305875
2017-04-01,-20.2857107293,0.818229906495,-12.3761719994,43.5427017163
2017-04-02,-19.7574015106,-0.339999270869,-11.5385800922,43.3766042953
2017-04-03,-18.925211437,0.766489714878,-12.2500248496,42.5457431166
2017-04-04,-18.9300983556,1.38904309973,-12.1046925072,42.5559256345
2017-04-05,-18.6030466003,2.28301501944,-11.906401144,41.7007220101
2017-04-06,-19.1930547742,3.09014669313,-11.5982982188,44.0298178086
2017-04-07,-20.8422430123,3.15588751163,-11.8436789109,43.9344244835
2017-04-08,-21.6638069469,1.59503773681,-12.4088659867,44.9315984842
2017-04-09,-20.6600949133,2.86783349534,-12.3089289282,45.003749607
2017-04-10,-21.7755298371,2.13526328459,-12.0388829176,43.1732423104
2017-04-11,-21.4513138737,2.47835990433,-11.212778747,42.3220656281
2017-04-12,-23.1578792264,3.27633712083,-9.80699652807,42.5752733066
2017-04-13,-23.5384903211,4.74749703344,-10.2440381412,43.6047701174
2017-04-14,-22.9587262837,3.15184488985,-9.28864660536,43.9355573167
2017-04-15,-23.5891820753,3.193908433,-8.07741347905,42.9881233298
2017-04-16,-23.2700266065,1.51862021679,-8.03867620017,42.6143064382
2017-04-17,-24.0130192975,0.986050781937,-9.30137908843,42.8480506057
2017-04-18,-25.4911778419,1.73988490202,-10.0598516615,44.9033232142
2017-04-19,-25.6365288047,2.29288846338,-10.8120177756,45.1792304512
2017-04-20,-25.4554725869,2.40824465719,-11.8134498903,45.1759198844
2017-04-21,-26.7029286079,3.85627618127,-12.2893218231,44.7489988955
2017-04-22,-27.7271411149,2.13529878468,-10.9509672947,45.5331719219
2017-04-23,-28.8897895082,2.11981646005,-10.4993952563,46.2800881612
2017-04-24,-27.6061851011,2.08614461622,-10.2236910043,45.1802826088
2017-04-25,-28.20045792,3.46994562044,-11.540718019,46.5054795788
2017-04-26,-28.2512146189,2.85411452686,-11.2360785671,48.3293890799
2017-04-27,-29.235899773,3.86664958033,-11.5103211553,47.9152069762
2017-04-28,-30.4208993693,4.31556105908,-13.2944021383,48.1261173776
2017-04-29,-30.4104201252,3.97980167623,-12.4808649385,48.9749056023
2017-04-30,-31.5513878369,4.16847337989,-14.8529627919,49.6087030651
2017-05-01,-31.0178044213,3.80427789046,-13.9924538961,49.3282581369
2017-05-02,-31.6941166981,3.63429660909,-14.2396227324,49.8539981393
2017-05-03,-31.3880053687,2.54732954464,-13.1085020108,49.8924605533
2017-05-04,-31.4927112036,0.652173310062,-13.68704742,47.9055537779
2017-05-05,-32.4368945593,0.000261135013931,-14.8993229075,49.5179715886
2017-05-06,-33.6741692597,-0.416866112247,-14.6817403375,48.7471491479
2017-05-07,-32.1046213742,-0.593296017319,-16.062325997,49.9163562249
2017-05-08,-32.8346474527,-1.03985142702,-18.0079582703,50.1444404094
2017-05-09,-32.0629874382,-0.870360204896,-16.5134317442,50.4023634266
2017-05-10,-32.7249365925,1.52052239688,-16.1461323442,50.7231475647
2017-05-11,-33.7449986634,1.81167279285,-15.7079886319,52.771269877
2017-05-12,-32.7758414746,1.54795496381,-15.7189462574,52.3691097545
2017-05-13,-31.7858724525,1.97009614505,-14.8784710342,51.8862715807
2017-05-14,-32.0567452474,1.25251394609,-15.5946446425,52.5018704876
2017-05-15,-29.6768013567,1.70250142457,-16.7294494152,52.9853877741
2017-05-16,-29.5351229464,2.99933673178,-17.4421728754,52.9139208388
2017-05-17,-28.2556668419,4.13838291107,-17.9168598415,52.1023454681
2017-05-18,-29.9082079615,4.24874441213,-17.7174741435,52.0489491718
2017-05-19,-30.1172975324,3.40643383969,-18.3850202357,51.0481800786
2017-05-20,-30.0650234826,3.08147100312,-18.4335962388,50.7680030906
2017-05-21,-30.5834792138,3.0734051,-19.8583488391,51.2126720151
2017-05-22,-29.7582776653,2.6569430074,-19.6164310572,50.3368398459
2017-05-23,-29.2582769101,4.63700365723,-18.2260154159,48.7120475707
2017-05-24,-28.2460285859,3.58971385525,-16.7598678312,49.3273483017
2017-05-25,-28.1793744256,2.6970154892,-17.3325786168,50.4279536645
2017-05-26,-28.5002923541,1.87000432687,-16.4590680108,50.3681493937
2017-05-27,-29.014907241,1.71074026529,-16.9114072009,48.665291505
2017-05-28,-29.7032578926,3.30998036767,-16.1485385912,46.9338599437
2017-05-29,-29.7440557088,3.08187891718,-16.0543535644,46.5780624276
2017-05-30,-28.7188123614,3.73933241015,-16.6500394105,46.2381473725
2017-05-31,-29.5427215237,3.52336585943,-18.5598887941,45.6782579688
2017-06-01,-29.6344678405,2.63732240703,-17.7888942165,46.4256594571
2017-06-02,-28.7758118666,2.10761313525,-19.7212821154,48.9629324636
2017-06-03,-29.6723129227,2.75679043803,-19.6137504171,48.3349790772
2017-06-04,-30.7104848191,1.93822278047,-18.8869209147,47.8168310867
2017-06-05,-30.0675137789,1.82800134525,-19.0122337354,47.1550798134
2017-06-06,-28.9847534809,0.934442222652,-19.8567958184,46.4468462788
2017-06-07,-29.6263291812,1.61078494518,-18.9814820197,46.8761527439
2017-06-08,-30.0539612377,2.23946803873,-19.2527512505,46.8454895413
2017-06-09,-29.7774393302,1.88005389819,-20.1280747205,47.888281791
2017-06-10,-27.5957833815,2.17574059065,-21.5353012357,46.4560457639
2017-06-11,-28.6039960801,0.0353447380887,-21.9662401426,46.583191405
2017-06-12,-28.1766001701,0.271205737291,-21.7323081754,45.6272256142
2017-06-13,-27.271741011,0.499468748314,-22.6005339227,46.5455217836
2017-06-14,-28.4356723974,0.391375213206,-23.1648972622,46.6734400756
2017-06-15,-28.7649986874,-0.766874426887,-22.9250873805,46.3178753143
2017-06-16,-29.072232547,-1.08521841166,-23.5345708901,46.7823606847
2017-06-17,-30.0176016448,-0.388688398138,-23.2820499034,48.2892181677
2017-06-18,-30.139884129,-0.959806582775,-21.4349680824,47.0297768711
2017-06-19,-28.5187772642,-2.19801248247,-19.6005716204,48.038743702
2017-06-20,-28.7927516,-1.3963645887,-19.151428069,47.9081390896
2017-06-21,-28.6904892137,0.503910739559,-18.5801058685,48.8158415107
2017-06-22,-28.8474764095,-0.617517685619,-17.7269694294,49.8587606566
2017-06-23,-28.8809480493,-1.34165600794,-17.6433029074,47.319346912
2017-06-24,-29.0601768398,-0.641077061528,-17.8102471294,46.0546175675
2017-06-25,-31.161503976,-0.136745553592,-17.5188576584,46.1488730376
2017-06-26,-32.3799569714,0.00591463988201,-18.0628417541,45.721436673
2017-06-27,-32.832921401,-2.15728674715,-18.5769765967,46.9604035334
2017-06-28,-33.6773133947,-2.41001333207,-20.2081608442,47.919690589
2017-06-29,-32.8405408292,-3.16027177696,-21.7589476142,48.5711896865
2017-06-30,-32.8019960147,-3.71838029192,-21.2881487794,49.7112965547
2017-07-01,-33.9238931861,-3.80343252198,-23.085540369,47.677511474
2017-07-02,-34.2405623383,-4.45249369118,-23.3782316402,48.0633271504
2017-07-03,-34.2430282838,-4.2066576592,-23.2283271143,48.0077187992
2017-07-04,-35.1937165565,-3.95993421614,-23.7836834784,46.5824186233
2017-07-05,-34.2107165249,-5.04708539245,-23.5229043304,48.0741623348
2017-07-06,-33.2680409799,-4.81563576051,-22.2408162129,48.2965790228
2017-07-07,-32.4911906349,-5.21810099363,-21.6488227377,49.3660159118
2017-07-08,-33.6561928749,-4.42616477419,-21.8043800514,50.325353524
2017-07-09,-33.3993234345,-5.33652153243,-21.1744792063,51.188073614
2017-07-10,-33.0492164599,-6.50143539574,-21.9164185265,50.6784148443
2017-07-11,-31.5164843436,-5.47202672449,-21.7990522543,49.5054810105
2017-07-12,-32.0002704013,-5.48531553784,-20.7626450388,49.9412152453
2017-07-13,-32.2613016947,-6.68646762072,-20.766489714,49.7131446686
2017-07-14,-32.1123427529,-5.77407889974,-21.2079501795,50.2120836922
2017-07-15,-31.1866963273,-5.638553285,-19.2864479537,49.6350279077
2017-07-16,-30.9965823977,-5.87113905513,-17.6758356804,47.8435419296
2017-07-17,-30.2155879228,-7.01062790127,-17.101644286,48.0970432892
2017-07-18,-30.2006190307,-7.12432697177,-15.0223116095,48.9090418496
2017-07-19,-30.5342155009,-9.021197236,-15.5170395956,50.7026888375
2017-07-20,-30.4134702322,-10.2842257545,-17.4945909697,50.214446436
2017-07-21,-29.199395431,-9.73722071101,-17.3660589418,49.4653898145
2017-07-22,-28.1232929915,-10.3419372405,-17.509822994,49.2670781251
2017-07-23,-27.8207678168,-11.1788779667,-18.529552744,49.4747506362
2017-07-24,-29.9973531685,-14.1055547402,-17.2322413311,51.2293326456
2017-07-25,-29.2339084166,-13.5501677113,-17.9711065888,51.4534205947
2017-07-26,-29.4065481328,-13.454114308,-17.9865528496,49.8712229968
2017-07-27,-30.2985997092,-13.5960578449,-18.5272383203,51.113881081
2017-07-28,-30.3147391998,-15.1875194203,-19.2140102688,50.8661865852
2017-07-29,-31.3716250934,-16.3843617862,-18.8814109764,49.6716237916
2017-07-30,-29.4160322875,-17.291809327,-20.276984827,49.9771427179
2017-07-31,-29.9483707153,-18.1573307982,-21.1688917578,49.9407824744
2017-08-01,-30.5421537213,-19.3925043848,-22.3783944095,50.121629562
2017-08-02,-29.5993859991,-19.6407314142,-22.4213927157,50.2728937507
2017-08-03,-30.8983216277,-17.5126670756,-22.2929337038,50.6292369088
2017-08-04,-29.3662976178,-18.5008182234,-24.3540963117,51.3943254223
2017-08-05,-29.7629766617,-19.2527927246,-24.4184305516,51.0921205757
2017-08-06,-30.5305948362,-18.0155988625,-24.5133424442,53.2928035735
2017-08-07,-29.6160196345,-18.8499754032,-24.8556145773,54.6723365989
2017-08-08,-29.6301437284,-18.5418820991,-23.8728628064,55.2099668593
2017-08-09,-28.7908579251,-17.5073319855,-23.2341756165,54.2398911185
2017-08-10,-27.061346418,-17.1335357232,-21.5808074028,54.2846017976
2017-08-11,-26.9024887271,-16.8350879645,-21.0993374945,54.9707480944
2017-08-12,-25.8707936572,-16.1331081797,-22.4853375965,55.7485747136
2017-08-13,-26.9494200032,-15.9680504642,-23.1517938356,57.8053952398
2017-08-14,-26.7708679253,-16.4834353314,-22.1051633789,58.4339767879
2017-08-15,-27.5194191789,-16.6765864276,-21.9410019166,57.635876415
2017-08-16,-27.3624679976,-16.381852281,-22.3820066653,57.0053145695
2017-08-17,-26.7858021479,-18.0670776876,-24.9164665915,57.3272251861
2017-08-18,-26.6612793042,-19.1610836332,-24.9924099192,58.1639515421
2017-08-19,-26.0453815496,-19.5316528393,-24.3632499194,58.2847235688
2017-08-20,-25.2687338989,-19.8108217079,-24.8520296497,58.9758796247
2017-08-21,-24.7296462022,-18.4859579467,-24.5345247887,59.7435528377
2017-08-22,-25.241622598,-17.6739685416,-23.5315988721,59.5233625883
2017-08-23,-25.9662667073,-16.1692076253,-22.9505323615,58.2372856218
2017-08-24,-25.0431406861,-17.8160441098,-21.0396174359,57.1610447138
2017-08-25,-24.4870655324,-18.6440992678,-19.3759854866,56.8222894674
2017-08-26,-23.2836538246,-18.2413356968,-18.5366028026,56.6436965712
2017-08-27,-23.1157084861,-16.0524190438,-18.2428805656,58.5562014469
2017-08-28,-23.7733437297,-14.4286083747,-19.4261678575,60.6295274118
2017-08-29,-24.3065971569,-15.0332650534,-19.8828236458,62.641244217
2017-08-30,-23.4099855734,-14.9037344021,-20.0319761733,62.5690853578
2017-08-31,-22.6509998608,-16.0888408171,-21.0013692117,62.5236427537
2017-09-01,-25.8395154493,-15.5938640051,-18.9967010402,63.3287218527
2017-09-02,-25.2439016641,-16.6425904926,-20.141641413,62.8505133853
2017-09-03,-27.3381440271,-15.2896819774,-20.4436364641,62.1364542842
2017-09-04,-27.9312756478,-15.3719363565,-20.742835231,61.6882594139
2017-09-05,-27.6414633565,-14.1273577558,-20.3360625566,62.2538831121
2017-09-06,-28.3264270227,-14.3640204652,-20.2180767847,62.7217312426
2017-09-07,-28.9130101055,-13.8050728884,-18.9547693168,62.4105973125
2017-09-08,-29.4561058685,-13.6570369092,-19.1429048687,62.6138471843
2017-09-09,-28.6910137962,-14.2282310281,-20.5818826471,62.6497787945
2017-09-10,-29.4848717156,-13.2431873523,-19.330166619,62.1612655886
2017-09-11,-30.4630209123,-14.1062283267,-17.2462152452,61.0735667248
2017-09-12,-30.1955459661,-14.3576842814,-15.2001332961,59.9436720663
2017-09-13,-30.7483419694,-13.5221949031,-15.4890383455,60.8591234679
2017-09-14,-30.3959202309,-14.942977567,-15.6747515351,61.8174703477
2017-09-15,-28.7019835434,-15.3439547347,-17.7050017505,60.4888853838
2017-09-16,-27.9168607294,-16.9292907847,-17.1715320975,61.2836774986
2017-09-17,-30.3669471733,-17.8238062141,-16.2526992807,61.6401884845
2017-09-18,-31.0019305639,-18.3473186215,-16.1267443289,62.3024125445
2017-09-19,-32.0795190596,-19.029050523,-16.3361932901,60.9813615481
2017-09-20,-31.7401147156,-18.5055890031,-16.8391410372,61.6963873066
2017-09-21,-32.4890029161,-16.4532948402,-12.9717813148,62.1578616152
2017-09-22,-32.1188212154,-16.0831811738,-12.5302672471,62.0317242011
2017-09-23,-33.3290039363,-16.5587144577,-13.4520402221,62.80912255
2017-09-24,-33.7543309269,-17.1982609809,-12.391465907,64.1149653462
2017-09-25,-34.4235821323,-15.8920513327,-11.2699922705,64.8676171632
2017-09-26,-34.6118890711,-17.2060150446,-13.3276800492,66.5623990064
